{"cameraMode":{"drawMode":0,"name":"Shaded","section":"Shading Mode"},"sceneLighting":true,"audioPlay":false,"sceneViewState":{"showFog":true,"showMaterialUpdate":false,"showSkybox":true,"showFlares":true,"showImageEffects":true,"showParticleSystems":true},"in2DMode":false,"pivot":{"x":396.2059326171875,"y":2051.35009765625,"z":-86.77734375},"rotation":{"x":-0.0048083290457725529,"y":0.015596690587699414,"z":-0.00007992630708031356,"w":-0.9998850226402283},"size":990.9287109375,"orthographic":false}